Date,DOLAR,IBOVESPA,S&P500
2020-01-02,4.016300201416016,118573.0,3257.85009765625
2020-01-03,4.023399829864502,117707.0,3234.85009765625
2020-01-06,4.057000160217285,116878.0,3246.280029296875
2020-01-07,4.060400009155273,116662.0,3237.179931640625
2020-01-08,4.066199779510498,116247.0,3253.050048828125
2020-01-09,4.06279993057251,115947.0,3274.699951171875
2020-01-10,4.092100143432617,115503.0,3265.35009765625
2020-01-13,4.070499897003174,117325.0,3288.1298828125
2020-01-14,4.1458001136779785,117632.0,3283.14990234375
2020-01-15,4.13129997253418,116414.0,3289.2900390625
2020-01-16,4.174200057983398,116704.0,3316.81005859375
2020-01-17,4.183599948883057,118478.0,3329.6201171875
2020-01-21,4.188499927520752,117026.0,3320.7900390625
2020-01-22,4.210899829864502,118391.0,3321.75
2020-01-23,4.181300163269043,119528.0,3325.5400390625
2020-01-24,4.169099807739258,118376.0,3295.469970703125
2020-01-27,4.1595001220703125,114482.0,3243.6298828125
2020-01-28,4.206099987030029,116479.0,3276.239990234375
2020-01-29,4.193399906158447,115385.0,3273.39990234375
2020-01-30,4.228899955749512,115528.0,3283.659912109375
2020-01-31,4.242199897766113,113761.0,3225.52001953125
2020-02-03,4.282599925994873,114629.0,3248.919921875
2020-02-04,4.246799945831299,115557.0,3297.590087890625
2020-02-05,4.253699779510498,116028.0,3334.68994140625
2020-02-06,4.23360013961792,115190.0,3345.780029296875
2020-02-07,4.280799865722656,113770.0,3327.7099609375
2020-02-10,4.320400238037109,112570.0,3352.090087890625
2020-02-11,4.320974826812744,115371.0,3357.75
2020-02-12,4.327530860900879,116674.0,3379.449951171875
2020-02-13,4.354499816894531,115662.0,3373.93994140625
2020-02-14,4.346766948699951,114381.0,3380.159912109375
2020-02-18,4.326499938964844,114977.0,3370.2900390625
2020-02-19,4.354800224304199,116518.0,3386.14990234375
2020-02-20,4.363999843597412,114586.0,3373.22998046875
2020-02-21,4.392300128936768,113681.0,3337.75
2020-02-26,4.3867998123168945,105718.0,3116.389892578125
2020-02-27,4.449100017547607,102984.0,2978.760009765625
2020-02-28,4.484799861907959,104172.0,2954.219970703125
2020-03-02,4.441299915313721,106625.0,3090.22998046875
2020-03-03,4.472400188446045,105537.0,3003.3701171875
2020-03-04,4.513199806213379,107224.0,3130.1201171875
2020-03-05,4.583399772644043,102233.0,3023.93994140625
2020-03-06,4.606200218200684,97997.0,2972.3701171875
2020-03-09,4.589799880981445,86067.0,2746.56005859375
2020-03-10,4.722899913787842,92214.0,2882.22998046875
2020-03-11,4.642099857330322,85171.0,2741.3798828125
2020-03-12,4.813799858093262,72583.0,2480.639892578125
2020-03-13,4.790200233459473,82678.0,2711.02001953125
2020-03-16,4.85260009765625,71168.0,2386.1298828125
2020-03-17,4.999000072479248,74617.0,2529.18994140625
2020-03-18,5.009699821472168,66895.0,2398.10009765625
2020-03-19,5.103961944580078,68332.0,2409.389892578125
2020-03-20,5.094200134277344,67069.0,2304.919921875
2020-03-23,5.045499801635742,63570.0,2237.39990234375
2020-03-24,5.14169979095459,69729.0,2447.330078125
2020-03-25,5.098100185394287,74956.0,2475.56005859375
2020-03-26,5.033699989318848,77710.0,2630.070068359375
2020-03-27,5.022600173950195,73429.0,2541.469970703125
2020-03-30,5.104629039764404,74640.0,2626.64990234375
2020-03-31,5.192699909210205,73020.0,2584.590087890625
2020-04-01,5.203499794006348,70967.0,2470.5
2020-04-02,5.248199939727783,72253.0,2526.89990234375
2020-04-03,5.255300045013428,69538.0,2488.64990234375
2020-04-06,5.348499774932861,74073.0,2663.679931640625
2020-04-07,5.285299777984619,76358.0,2659.409912109375
2020-04-08,5.221700191497803,78625.0,2749.97998046875
2020-04-09,5.123499870300293,77682.0,2789.820068359375
2020-04-13,5.105500221252441,78836.0,2761.6298828125
2020-04-14,5.198500156402588,79918.0,2846.06005859375
2020-04-15,5.1620001792907715,78831.0,2783.360107421875
2020-04-16,5.236999988555908,77812.0,2799.550048828125
2020-04-17,5.230899810791016,78990.0,2874.56005859375
2020-04-20,5.232699871063232,78973.0,2823.159912109375
2020-04-22,5.315000057220459,80687.0,2799.31005859375
2020-04-23,5.456900119781494,79673.0,2797.800048828125
2020-04-24,5.533100128173828,75331.0,2836.739990234375
2020-04-27,5.5725998878479,78239.0,2878.47998046875
2020-04-28,5.652599811553955,81312.0,2863.389892578125
2020-04-29,5.497399806976318,83171.0,2939.510009765625
2020-04-30,5.334799766540527,80506.0,2912.429931640625
2020-05-04,5.4770002365112305,78876.0,2842.739990234375
2020-05-05,5.540599822998047,79471.0,2868.43994140625
2020-05-06,5.578100204467773,79064.0,2848.419921875
2020-05-07,5.715199947357178,78119.0,2881.18994140625
2020-05-08,5.828719139099121,80263.0,2929.800048828125
2020-05-11,5.4770002365112305,79065.0,2930.18994140625
2020-05-12,5.8171000480651855,77872.0,2870.1201171875
2020-05-13,5.884799957275391,77772.0,2820.0
2020-05-14,5.88640022277832,79011.0,2852.5
2020-05-15,5.8094000816345215,77557.0,2863.699951171875
2020-05-18,5.855199813842773,81194.0,2953.909912109375
2020-05-19,5.718999862670898,80742.0,2922.93994140625
2020-05-20,5.755199909210205,81319.0,2971.610107421875
2020-05-21,5.690499782562256,83027.0,2948.510009765625
2020-05-22,5.5524001121521,82173.0,2955.449951171875
2020-05-26,5.443399906158447,85469.0,2991.77001953125
2020-05-27,5.343999862670898,87946.0,3036.1298828125
2020-05-28,5.27269983291626,86949.0,3029.72998046875
2020-05-29,5.403600215911865,87403.0,3044.31005859375
2020-06-01,5.334799766540527,88620.0,3055.72998046875
2020-06-02,5.366499900817871,91046.0,3080.820068359375
2020-06-03,5.1992998123168945,93002.0,3122.8701171875
2020-06-04,5.061600208282471,93829.0,3112.35009765625
2020-06-05,5.117199897766113,94637.0,3193.929931640625
2020-06-08,4.959499835968018,97645.0,3232.389892578125
2020-06-09,4.821599960327148,96747.0,3207.179931640625
2020-06-10,4.898399829864502,94686.0,3190.139892578125
2020-06-12,4.974999904632568,92795.0,3041.31005859375
2020-06-15,5.047800064086914,92376.0,3066.590087890625
2020-06-16,5.153206825256348,93531.0,3124.739990234375
2020-06-17,5.243599891662598,95547.0,3113.489990234375
2020-06-18,5.22790002822876,96125.0,3115.340087890625
2020-06-19,5.377200126647949,96572.0,3097.739990234375
2020-06-22,5.309999942779541,95336.0,3117.860107421875
2020-06-23,5.2519001960754395,95975.0,3131.2900390625
2020-06-24,5.151000022888184,94377.0,3050.330078125
2020-06-25,5.34660005569458,95983.0,3083.760009765625
2020-06-26,5.359499931335449,93834.0,3009.050048828125
2020-06-29,5.480899810791016,95735.0,3053.239990234375
2020-06-30,5.402100086212158,95056.0,3100.2900390625
2020-07-01,5.461699962615967,96203.0,3115.860107421875
2020-07-02,5.316199779510498,96235.0,3130.010009765625
2020-07-06,5.311399936676025,98937.0,3179.719970703125
2020-07-07,5.354300022125244,97761.0,3145.320068359375
2020-07-08,5.377799987792969,99770.0,3169.93994140625
2020-07-09,5.342599868774414,99160.0,3152.050048828125
2020-07-10,5.337800025939941,100032.0,3185.0400390625
2020-07-13,5.326900005340576,98697.0,3155.219970703125
2020-07-14,5.401500225067139,100440.0,3197.52001953125
2020-07-15,5.366799831390381,101791.0,3226.56005859375
2020-07-16,5.366948127746582,100553.0,3215.570068359375
2020-07-17,5.330699920654297,102888.0,3224.72998046875
2020-07-20,5.385300159454346,104426.0,3251.840087890625
2020-07-21,5.327700138092041,104310.0,3257.300048828125
2020-07-22,5.1697998046875,104290.0,3276.02001953125
2020-07-23,5.118100166320801,102293.0,3235.659912109375
2020-07-24,5.210599899291992,102382.0,3215.6298828125
2020-07-27,5.229100227355957,104477.0,3239.409912109375
2020-07-28,5.141421794891357,104109.0,3218.43994140625
2020-07-29,5.152299880981445,105605.0,3258.43994140625
2020-07-30,5.168799877166748,105009.0,3246.219970703125
2020-07-31,5.153900146484375,102912.0,3271.1201171875
2020-08-03,5.221199989318848,102830.0,3294.610107421875
2020-08-04,5.318699836730957,101216.0,3306.510009765625
2020-08-05,5.290200233459473,102802.0,3327.77001953125
2020-08-06,5.290900230407715,104126.0,3349.159912109375
2020-08-07,5.331299781799316,102776.0,3351.280029296875
2020-08-10,5.43720006942749,103444.0,3360.469970703125
2020-08-11,5.480500221252441,102174.0,3333.68994140625
2020-08-12,5.38040018081665,102118.0,3380.35009765625
2020-08-13,5.434999942779541,100461.0,3373.429931640625
2020-08-14,5.367000102996826,101353.0,3372.85009765625
2020-08-17,5.42080020904541,99595.0,3381.989990234375
2020-08-18,5.508299827575684,102065.0,3389.780029296875
2020-08-19,5.465400218963623,100854.0,3374.85009765625
2020-08-20,5.556399822235107,101468.0,3385.510009765625
2020-08-21,5.5559000968933105,101521.0,3397.159912109375
2020-08-24,5.618599891662598,102298.0,3431.280029296875
2020-08-25,5.610599994659424,102118.0,3443.6201171875
2020-08-26,5.507400035858154,100627.0,3478.72998046875
2020-08-27,5.6072001457214355,100624.0,3484.550048828125
2020-08-28,5.568699836730957,102143.0,3508.010009765625
2020-08-31,5.389999866485596,99369.0,3500.31005859375
2020-09-01,5.490900039672852,102168.0,3526.64990234375
2020-09-02,5.397299766540527,101911.0,3580.840087890625
2020-09-03,5.338699817657471,100721.0,3455.06005859375
2020-09-04,5.289899826049805,101242.0,3426.9599609375
2020-09-08,5.298299789428711,100050.0,3331.840087890625
2020-09-09,5.360599994659424,101292.0,3398.9599609375
2020-09-10,5.308499813079834,98835.0,3339.18994140625
2020-09-11,5.320499897003174,98363.0,3340.969970703125
2020-09-14,5.316199779510498,100275.0,3383.5400390625
2020-09-15,5.2683000564575195,100298.0,3401.199951171875
2020-09-16,5.2743000984191895,99676.0,3385.489990234375
2020-09-17,5.236000061035156,100098.0,3357.010009765625
2020-09-18,5.237800121307373,98290.0,3319.469970703125
2020-09-21,5.389800071716309,96991.0,3281.06005859375
2020-09-22,5.412600040435791,97294.0,3315.570068359375
2020-09-23,5.469900131225586,95735.0,3236.919921875
2020-09-24,5.592400074005127,97012.0,3246.590087890625
2020-09-25,5.508399963378906,96999.0,3298.4599609375
2020-09-28,5.561100006103516,94666.0,3351.60009765625
2020-09-29,5.660200119018555,93580.0,3335.469970703125
2020-09-30,5.630499839782715,94603.0,3363.0
2020-10-01,5.608399868011475,95479.0,3380.800048828125
2020-10-02,5.642000198364258,94016.0,3348.419921875
2020-10-05,5.681600093841553,96089.0,3408.60009765625
2020-10-06,5.573400020599365,95615.0,3360.969970703125
2020-10-07,5.593800067901611,95526.0,3419.43994140625
2020-10-08,5.611299991607666,97920.0,3446.830078125
2020-10-09,5.598599910736084,97483.0,3477.139892578125
2020-10-13,5.529699802398682,98503.0,3511.929931640625
2020-10-14,5.56850004196167,99334.0,3488.669921875
2020-10-15,5.5904998779296875,99054.0,3483.340087890625
2020-10-16,5.611199855804443,98309.0,3483.81005859375
2020-10-19,5.644800186157227,98658.0,3426.919921875
2020-10-20,5.605599880218506,100540.0,3443.1201171875
2020-10-21,5.6041998863220215,100552.0,3435.56005859375
2020-10-22,5.607800006866455,101918.0,3453.489990234375
2020-10-23,5.591300010681152,101260.0,3465.389892578125
2020-10-26,5.616199970245361,101017.0,3400.969970703125
2020-10-27,5.622700214385986,99606.0,3390.679931640625
2020-10-28,5.7052001953125,95369.0,3271.030029296875
2020-10-29,5.744900226593018,96582.0,3310.110107421875
2020-10-30,5.7778000831604,93952.0,3269.9599609375
2020-11-03,5.741099834442139,95587.0,3369.159912109375
2020-11-04,5.754899978637695,97811.0,3443.43994140625
2020-11-05,5.663000106811523,100774.0,3510.449951171875
2020-11-06,5.523399829864502,100799.0,3509.43994140625
2020-11-09,5.36269998550415,103913.0,3550.5
2020-11-10,5.384699821472168,105351.0,3545.530029296875
2020-11-11,5.413899898529053,104532.0,3572.659912109375
2020-11-12,5.389999866485596,102175.0,3537.010009765625
2020-11-13,5.456699848175049,104512.0,3585.14990234375
2020-11-16,5.456999778747559,106430.0,3626.909912109375
2020-11-17,5.414899826049805,107229.0,3609.530029296875
2020-11-18,5.327199935913086,106483.0,3567.7900390625
2020-11-19,5.361700057983398,106517.0,3581.8701171875
2020-11-23,5.3780999183654785,107379.0,3577.590087890625
2020-11-24,5.4405999183654785,109786.0,3635.409912109375
2020-11-25,5.372600078582764,110133.0,3629.64990234375
2020-11-27,5.335299968719482,110575.0,3638.35009765625
2020-11-30,5.34250020980835,108888.0,3621.6298828125
2020-12-01,5.331099987030029,111335.0,3662.449951171875
2020-12-02,5.204899787902832,111814.0,3669.010009765625
2020-12-03,5.216300010681152,112919.0,3666.719970703125
2020-12-04,5.151000022888184,113682.0,3699.1201171875
2020-12-07,5.154399871826172,113625.0,3691.9599609375
2020-12-08,5.098299980163574,113571.0,3702.25
2020-12-09,5.119699954986572,112722.0,3672.820068359375
2020-12-10,5.1697001457214355,114992.0,3668.10009765625
2020-12-11,5.024199962615967,115323.0,3663.4599609375
2020-12-14,5.064199924468994,114975.0,3647.489990234375
2020-12-15,5.117700099945068,116146.0,3694.6201171875
2020-12-16,5.078884124755859,117947.0,3701.169921875
2020-12-17,5.083199977874756,118157.0,3722.47998046875
2020-12-18,5.0569000244140625,117679.0,3709.409912109375
2020-12-21,5.100599765777588,116016.0,3694.919921875
2020-12-22,5.118937969207764,116348.0,3687.260009765625
2020-12-23,5.1566548347473145,117857.0,3690.010009765625
2020-12-28,5.2153000831604,119051.0,3735.360107421875
2020-12-29,5.2459001541137695,119475.0,3727.0400390625
2020-12-30,5.208600044250488,119306.0,3732.0400390625
2021-01-04,5.19189977645874,118558.0,3700.64990234375
2021-01-05,5.295300006866455,119223.0,3726.860107421875
2021-01-06,5.28410005569458,119851.0,3748.139892578125
2021-01-07,5.312900066375732,121956.0,3803.7900390625
2021-01-08,5.40880012512207,125077.0,3824.679931640625
2021-01-11,5.4121880531311035,122807.0,3799.610107421875
2021-01-12,5.48769998550415,123998.0,3801.18994140625
2021-01-13,5.321400165557861,122040.0,3809.840087890625
2021-01-14,5.297500133514404,123481.0,3795.5400390625
2021-01-15,5.195799827575684,120502.0,3768.25
2021-01-19,5.2947998046875,120673.0,3798.909912109375
2021-01-20,5.3566999435424805,119708.0,3851.85009765625
2021-01-21,5.290500164031982,118443.0,3853.070068359375
2021-01-22,5.3495001792907715,117172.0,3841.469970703125
2021-01-26,5.4654998779296875,116464.0,3849.6201171875
2021-01-27,5.353799819946289,115882.0,3750.77001953125
2021-01-28,5.412600040435791,119314.0,3787.3798828125
2021-01-29,5.437989234924316,116007.0,3714.239990234375
2021-02-01,5.4608001708984375,117365.0,3773.860107421875
2021-02-02,5.430500030517578,118234.0,3826.31005859375
2021-02-03,5.3668999671936035,119725.0,3830.169921875
2021-02-04,5.3520002365112305,119261.0,3871.739990234375
2021-02-05,5.4257001876831055,119925.0,3886.830078125
2021-02-08,5.369200229644775,119516.0,3915.590087890625
2021-02-09,5.364299774169922,119429.0,3911.22998046875
2021-02-10,5.376699924468994,118430.0,3909.8798828125
2021-02-11,5.384900093078613,119235.0,3916.3798828125
2021-02-12,5.3653998374938965,119116.0,3934.830078125
2021-02-17,5.3694000244140625,120391.0,3931.330078125
2021-02-18,5.409800052642822,119140.0,3913.969970703125
2021-02-19,5.42579984664917,118748.0,3906.7099609375
2021-02-22,5.38070011138916,112668.0,3876.5
2021-02-23,5.463399887084961,115227.0,3881.3701171875
2021-02-24,5.439599990844727,115668.0,3925.429931640625
2021-02-25,5.402964115142822,112256.0,3829.340087890625
2021-02-26,5.528025150299072,110035.0,3811.14990234375
2021-03-01,5.597599983215332,110335.0,3901.820068359375
2021-03-02,5.640699863433838,111540.0,3870.2900390625
2021-03-03,5.675099849700928,111184.0,3819.719970703125
2021-03-04,5.617499828338623,112690.0,3768.469970703125
2021-03-05,5.668300151824951,115202.0,3841.93994140625
2021-03-08,5.689499855041504,110612.0,3821.35009765625
2021-03-09,5.874599933624268,111331.0,3875.43994140625
2021-03-10,5.801499843597412,112776.0,3898.81005859375
2021-03-11,5.67110013961792,114984.0,3939.340087890625
2021-03-12,5.534800052642822,114160.0,3943.340087890625
2021-03-15,5.4951558113098145,114851.0,3968.93994140625
2021-03-16,5.614500045776367,114019.0,3962.7099609375
2021-03-17,5.6234002113342285,116549.0,3974.1201171875
2021-03-18,5.583099842071533,114835.0,3915.4599609375
2021-03-19,5.558700084686279,116222.0,3913.10009765625
2021-03-22,5.493563175201416,114979.0,3940.590087890625
2021-03-23,5.505499839782715,113262.0,3910.52001953125
2021-03-24,5.520400047302246,112064.0,3889.139892578125
2021-03-25,5.61959981918335,113750.0,3909.52001953125
2021-03-26,5.648399829864502,114781.0,3974.5400390625
2021-03-29,5.752399921417236,115419.0,3971.090087890625
2021-03-30,5.780799865722656,116850.0,3958.550048828125
2021-03-31,5.771599769592285,116634.0,3972.889892578125
2021-04-01,5.63129997253418,115253.0,4019.8701171875
2021-04-05,5.710599899291992,117518.0,4077.909912109375
2021-04-06,5.662700176239014,117499.0,4073.93994140625
2021-04-07,5.593200206756592,117624.0,4079.949951171875
2021-04-08,5.612100124359131,118313.0,4097.169921875
2021-04-09,5.5665998458862305,117670.0,4128.7998046875
2021-04-12,5.679299831390381,118812.0,4127.990234375
2021-04-13,5.7322001457214355,119297.0,4141.58984375
2021-04-14,5.716300010681152,120295.0,4124.66015625
2021-04-15,5.652900218963623,120701.0,4170.419921875
2021-04-16,5.614999771118164,121114.0,4185.47021484375
2021-04-19,5.5858001708984375,120934.0,4163.259765625
2021-04-20,5.545300006866455,120062.0,4134.93994140625
2021-04-22,5.56790018081665,119371.0,4134.97998046875
2021-04-23,5.44320011138916,120530.0,4180.169921875
2021-04-26,5.477200031280518,120595.0,4187.6201171875
2021-04-27,5.435299873352051,119388.0,4186.72021484375
2021-04-28,5.451000213623047,121053.0,4183.18017578125
2021-04-29,5.341400146484375,120066.0,4211.47021484375
2021-04-30,5.336400032043457,118894.0,4181.169921875
2021-05-03,5.439700126647949,119209.0,4192.66015625
2021-05-04,5.4380998611450195,117712.0,4164.66015625
2021-05-05,5.442599773406982,119564.0,4167.58984375
2021-05-06,5.352700233459473,119921.0,4201.6201171875
2021-05-07,5.273430824279785,122038.0,4232.60009765625
2021-05-10,5.235499858856201,121909.0,4188.43017578125
2021-05-11,5.2221999168396,122964.0,4152.10009765625
2021-05-12,5.221199989318848,119710.0,4063.0400390625
2021-05-13,5.303100109100342,120706.0,4112.5
2021-05-14,5.307700157165527,121881.0,4173.85009765625
2021-05-17,5.269499778747559,122938.0,4163.2900390625
2021-05-18,5.271500110626221,122980.0,4127.830078125
2021-05-19,5.259500026702881,122636.0,4115.68017578125
2021-05-20,5.308000087738037,122701.0,4159.1201171875
2021-05-21,5.281300067901611,122592.0,4155.85986328125
2021-05-24,5.361800193786621,124032.0,4197.0498046875
2021-05-25,5.31850004196167,122988.0,4188.1298828125
2021-05-26,5.330699920654297,123989.0,4195.990234375
2021-05-27,5.310500144958496,124367.0,4200.8798828125
2021-05-28,5.2382001876831055,125561.0,4204.10986328125
2021-06-01,5.216599941253662,128267.0,4202.0400390625
2021-06-02,5.149700164794922,129601.0,4208.1201171875
2021-06-04,5.076300144195557,130126.0,4229.89013671875
2021-06-07,5.044600009918213,130776.0,4226.52001953125
2021-06-08,5.045199871063232,129787.0,4227.259765625
2021-06-09,5.034900188446045,129907.0,4219.5498046875
2021-06-10,5.061500072479248,130076.0,4239.18017578125
2021-06-11,5.054500102996826,129441.0,4247.43994140625
2021-06-14,5.117000102996826,130208.0,4255.14990234375
2021-06-15,5.058599948883057,130091.0,4246.58984375
2021-06-16,5.043799877166748,129259.0,4223.7001953125
2021-06-17,5.054299831390381,128057.0,4221.85986328125
2021-06-18,5.007400035858154,128405.0,4166.4501953125
2021-06-21,5.0960001945495605,129265.0,4224.7900390625
2021-06-22,5.0131001472473145,128767.0,4246.43994140625
2021-06-23,4.957099914550781,128428.0,4241.83984375
2021-06-24,4.965199947357178,129514.0,4266.490234375
2021-06-25,4.912700176239014,127256.0,4280.7001953125
2021-06-28,4.91540002822876,127429.0,4290.60986328125
2021-06-29,4.924799919128418,127327.0,4291.7998046875
2021-06-30,4.955100059509277,126802.0,4297.5
2021-07-01,4.969200134277344,125666.0,4319.93994140625
2021-07-02,5.045102119445801,127622.0,4352.33984375
2021-07-06,5.088459014892578,125095.0,4343.5400390625
2021-07-07,5.195300102233887,127019.0,4358.1298828125
2021-07-08,5.231200218200684,125428.0,4320.81982421875
2021-07-12,5.257900238037109,127594.0,4384.6298828125
2021-07-13,5.172699928283691,128168.0,4369.2099609375
2021-07-14,5.162399768829346,128407.0,4374.2998046875
2021-07-15,5.069900035858154,127468.0,4360.02978515625
2021-07-16,5.110000133514404,125960.0,4327.16015625
2021-07-19,5.1153998374938965,124395.0,4258.490234375
2021-07-20,5.250899791717529,125401.0,4323.06005859375
2021-07-21,5.219900131225586,125929.0,4358.68994140625
2021-07-22,5.187300205230713,126147.0,4367.47998046875
2021-07-23,5.1996002197265625,125053.0,4411.7900390625
2021-07-26,5.19789981842041,126004.0,4422.2998046875
2021-07-27,5.1753997802734375,124612.0,4401.4599609375
2021-07-28,5.169099807739258,126286.0,4400.64013671875
2021-07-29,5.114799976348877,125675.0,4419.14990234375
2021-07-30,5.080399990081787,121801.0,4395.259765625
2021-08-02,5.208700180053711,122516.0,4387.16015625
2021-08-03,5.174600124359131,123577.0,4423.14990234375
2021-08-04,5.196800231933594,121801.0,4402.66015625
2021-08-05,5.1682000160217285,121633.0,4429.10009765625
2021-08-06,5.245200157165527,122810.0,4436.52001953125
2021-08-09,5.23199987411499,123019.0,4432.35009765625
2021-08-10,5.231800079345703,122202.0,4436.75
2021-08-11,5.188300132751465,122056.0,4442.41015625
2021-08-12,5.218200206756592,120701.0,4460.830078125
2021-08-13,5.252200126647949,121194.0,4468.0
2021-08-16,5.247499942779541,119180.0,4479.7099609375
2021-08-17,5.259699821472168,117904.0,4448.080078125
2021-08-18,5.294300079345703,116643.0,4400.27001953125
2021-08-19,5.378600120544434,117165.0,4405.7998046875
2021-08-20,5.414100170135498,118053.0,4441.669921875
2021-08-23,5.379000186920166,117472.0,4479.52978515625
2021-08-24,5.379899978637695,120211.0,4486.22998046875
2021-08-25,5.245800018310547,120818.0,4496.18994140625
2021-08-26,5.210999965667725,118724.0,4470.0
2021-08-27,5.2515997886657715,120678.0,4509.3701171875
2021-08-30,5.2027997970581055,119740.0,4528.7900390625
2021-08-31,5.1828999519348145,118781.0,4522.68017578125
2021-09-01,5.1493000984191895,119396.0,4524.08984375
2021-09-02,5.184599876403809,116677.0,4536.9501953125
2021-09-03,5.18179988861084,116933.0,4535.43017578125
2021-09-08,5.169600009918213,113413.0,4514.06982421875
2021-09-09,5.3206000328063965,115361.0,4493.27978515625
2021-09-10,5.196499824523926,114286.0,4458.580078125
2021-09-13,5.247000217437744,116404.0,4468.72998046875
2021-09-14,5.213200092315674,116181.0,4443.0498046875
2021-09-15,5.238900184631348,115063.0,4480.7001953125
2021-09-16,5.221700191497803,113794.0,4473.75
2021-09-17,5.256800174713135,111439.0,4432.990234375
2021-09-20,5.289700031280518,108844.0,4357.72998046875
2021-09-21,5.323200225830078,110250.0,4354.18994140625
2021-09-22,5.268899917602539,112282.0,4395.64013671875
2021-09-23,5.287700176239014,114064.0,4448.97998046875
2021-09-24,5.3018999099731445,113283.0,4455.47998046875
2021-09-27,5.336999893188477,113583.0,4443.10986328125
2021-09-28,5.390399932861328,110124.0,4352.6298828125
2021-09-29,5.427599906921387,111107.0,4359.4599609375
2021-09-30,5.414299964904785,110979.0,4307.5400390625
2021-10-01,5.441699981689453,112900.0,4357.0400390625
2021-10-04,5.3678998947143555,110393.0,4300.4599609375
2021-10-05,5.453199863433838,110458.0,4345.72021484375
2021-10-06,5.475500106811523,110560.0,4363.5498046875
2021-10-07,5.4918999671936035,110585.0,4399.759765625
2021-10-08,5.517000198364258,112833.0,4391.33984375
2021-10-11,5.506899833679199,112180.0,4361.18994140625
2021-10-13,5.531499862670898,113456.0,4363.7998046875
2021-10-14,5.512499809265137,113185.0,4438.259765625
2021-10-15,5.512199878692627,114648.0,4471.3701171875
2021-10-18,5.458399772644043,114428.0,4486.4599609375
2021-10-19,5.511300086975098,110673.0,4519.6298828125
2021-10-20,5.5833001136779785,110786.0,4536.18994140625
2021-10-21,5.59630012512207,107735.0,4549.77978515625
2021-10-22,5.657800197601318,106296.0,4544.89990234375
2021-10-25,5.649199962615967,108715.0,4566.47998046875
2021-10-26,5.5543999671936035,106420.0,4574.7900390625
2021-10-27,5.564799785614014,106363.0,4551.68017578125
2021-10-28,5.534999847412109,105705.0,4596.419921875
2021-10-29,5.644899845123291,103501.0,4605.3798828125
2021-11-01,5.633699893951416,105551.0,4613.669921875
2021-11-03,5.678599834442139,105617.0,4660.56982421875
2021-11-04,5.5524001121521,103412.0,4680.06005859375
2021-11-05,5.6016998291015625,104824.0,4697.52978515625
2021-11-08,5.541100025177002,104781.0,4701.7001953125
2021-11-09,5.543099880218506,105535.0,4685.25
2021-11-10,5.479100227355957,105968.0,4646.7099609375
2021-11-11,5.4899001121521,107725.0,4649.27001953125
2021-11-12,5.3979997634887695,106312.0,4682.85009765625
2021-11-16,5.456299781799316,104508.0,4700.89990234375
2021-11-17,5.502200126647949,102945.0,4688.669921875
2021-11-18,5.52869987487793,102524.0,4704.5400390625
2021-11-19,5.556399822235107,103035.0,4697.9599609375
2021-11-22,5.611599922180176,102122.0,4682.93994140625
2021-11-23,5.585599899291992,103663.0,4690.7001953125
2021-11-24,5.570400238037109,104514.0,4701.4599609375
2021-11-26,5.565100193023682,102224.0,4594.6201171875
2021-11-29,5.607800006866455,102814.0,4655.27001953125
2021-11-30,5.6006999015808105,101915.0,4567.0
2021-12-01,5.620871067047119,100775.0,4513.0400390625
2021-12-02,5.6915669441223145,104466.0,4577.10009765625
2021-12-03,5.643321990966797,105070.0,4538.43017578125
2021-12-06,5.65009880065918,106859.0,4591.669921875
2021-12-07,5.688000202178955,107558.0,4686.75
2021-12-08,5.611800193786621,108096.0,4701.2099609375
2021-12-09,5.531599998474121,106291.0,4667.4501953125
2021-12-10,5.571100234985352,107758.0,4712.02001953125
2021-12-13,5.60866117477417,107383.0,4668.97021484375
2021-12-14,5.679699897766113,106760.0,4634.08984375
2021-12-15,5.680600166320801,107370.0,4709.85009765625
2021-12-16,5.6793999671936035,108212.0,4668.669921875
2021-12-17,5.687399864196777,107201.0,4620.64013671875
2021-12-20,5.693059921264648,105020.0,4568.02001953125
2021-12-21,5.741300106048584,105500.0,4649.22998046875
2021-12-22,5.74399995803833,105244.0,4696.56005859375
2021-12-23,5.6529998779296875,104891.0,4725.7900390625
2021-12-27,5.67110013961792,105531.0,4791.18994140625
2021-12-28,5.624100208282471,104864.0,4786.35009765625
2021-12-29,5.627500057220459,104107.0,4793.06005859375
2021-12-30,5.702700138092041,104822.0,4778.72998046875
2022-01-03,5.569300174713135,103922.0,4796.56005859375
2022-01-04,5.68120002746582,103514.0,4793.5400390625
2022-01-05,5.676199913024902,101006.0,4700.580078125
2022-01-06,5.705635070800781,101561.0,4696.0498046875
2022-01-07,5.682400226593018,102719.0,4677.02978515625
2022-01-10,5.632199764251709,101945.0,4670.2900390625
2022-01-11,5.662199974060059,103779.0,4713.06982421875
2022-01-12,5.567299842834473,105686.0,4726.35009765625
2022-01-13,5.533199787139893,105530.0,4659.02978515625
2022-01-14,5.526700019836426,106928.0,4662.85009765625
2022-01-18,5.5157999992370605,106522.0,4577.10986328125
2022-01-19,5.565700054168701,108013.0,4532.759765625
2022-01-20,5.43720006942749,109102.0,4482.72998046875
2022-01-21,5.418099880218506,108942.0,4397.93994140625
2022-01-24,5.457099914550781,107752.0,4410.1298828125
2022-01-25,5.486100196838379,109845.0,4356.4501953125
2022-01-26,5.440703868865967,111573.0,4349.93017578125
2022-01-27,5.429166793823242,112315.0,4326.509765625
2022-01-28,5.40348482131958,111478.0,4431.85009765625
2022-01-31,5.362599849700928,112388.0,4515.5498046875
2022-02-01,5.303100109100342,113147.0,4546.5400390625
2022-02-02,5.264500141143799,112161.0,4589.3798828125
2022-02-03,5.260900020599365,111696.0,4477.43994140625
2022-02-04,5.282899856567383,112245.0,4500.52978515625
2022-02-07,5.326900005340576,111996.0,4483.8701171875
2022-02-08,5.262599945068359,112234.0,4521.5400390625
2022-02-09,5.258399963378906,112461.0,4587.18017578125
2022-02-10,5.234499931335449,113359.0,4504.080078125
2022-02-11,5.248700141906738,113572.0,4418.64013671875
2022-02-14,5.249956130981445,113807.0,4401.669921875
2022-02-15,5.214000225067139,114660.0,4471.06982421875
2022-02-16,5.157899856567383,115181.0,4475.009765625
2022-02-17,5.135799884796143,113528.0,4380.259765625
2022-02-18,5.170599937438965,112768.0,4348.8701171875
2022-02-22,5.102700233459473,112892.0,4304.759765625
2022-02-23,5.05709981918335,112008.0,4225.5
2022-02-24,5.008699893951416,111592.0,4288.7001953125
2022-02-25,5.122200012207031,113142.0,4384.64990234375
2022-03-02,5.158999919891357,115174.0,4386.5400390625
2022-03-03,5.096502780914307,115166.0,4363.490234375
2022-03-04,5.030900001525879,114474.0,4328.8701171875
2022-03-07,5.06056022644043,111593.0,4201.08984375
2022-03-08,5.110499858856201,111203.0,4170.7001953125
2022-03-09,5.058800220489502,113900.0,4277.8798828125
2022-03-10,5.011499881744385,113663.0,4259.52001953125
2022-03-11,5.009699821472168,111713.0,4204.31005859375
2022-03-14,5.073500156402588,109928.0,4173.10986328125
2022-03-15,5.121399879455566,108959.0,4262.4501953125
2022-03-16,5.1631999015808105,111112.0,4357.85986328125
2022-03-17,5.0738749504089355,113076.0,4411.669921875
2022-03-18,5.039400100708008,115311.0,4463.1201171875
2022-03-21,5.0177998542785645,116155.0,4461.18017578125
2022-03-22,4.935200214385986,117272.0,4511.60986328125
2022-03-23,4.909999847412109,117457.0,4456.240234375
2022-03-24,4.82420015335083,119053.0,4520.16015625
2022-03-25,4.826300144195557,119081.0,4543.06005859375
2022-03-28,4.7368998527526855,118738.0,4575.52001953125
2022-03-29,4.764100074768066,120014.0,4631.60009765625
2022-03-30,4.756199836730957,120260.0,4602.4501953125
2022-03-31,4.769700050354004,119999.0,4530.41015625
2022-04-01,4.737800121307373,121570.0,4545.85986328125
2022-04-04,4.657199859619141,121280.0,4582.64013671875
2022-04-05,4.593800067901611,118885.0,4525.1201171875
2022-04-06,4.650700092315674,118228.0,4481.14990234375
2022-04-07,4.715199947357178,118862.0,4500.2099609375
2022-04-08,4.752099990844727,118322.0,4488.27978515625
2022-04-11,4.6981000900268555,116953.0,4412.52978515625
2022-04-12,4.693600177764893,116147.0,4397.4501953125
2022-04-13,4.673099994659424,116782.0,4446.58984375
2022-04-14,4.690199851989746,116182.0,4392.58984375
2022-04-18,4.7006001472473145,115687.0,4391.68994140625
2022-04-19,4.6519999504089355,115057.0,4462.2099609375
2022-04-20,4.664999961853027,114344.0,4459.4501953125
2022-04-22,4.620800018310547,111078.0,4271.77978515625
2022-04-25,4.795199871063232,110685.0,4296.1201171875
2022-04-26,4.876200199127197,108213.0,4175.2001953125
2022-04-27,4.997799873352051,109349.0,4183.9599609375
2022-04-28,4.963600158691406,109919.0,4287.5
2022-04-29,4.93779993057251,107876.0,4131.93017578125
2022-05-02,4.97130012512207,106639.0,4155.3798828125
2022-05-03,5.084700107574463,106528.0,4175.47998046875
2022-05-04,4.958099842071533,108344.0,4300.169921875
2022-05-05,4.918799877166748,105304.0,4146.8701171875
2022-05-06,5.0279998779296875,105135.0,4123.33984375
2022-05-09,5.080399990081787,103250.0,3991.239990234375
2022-05-10,5.160900115966797,103110.0,4001.050048828125
2022-05-11,5.13129997253418,104397.0,3935.179931640625
2022-05-12,5.134252071380615,105688.0,3930.080078125
2022-05-13,5.133399963378906,106924.0,4023.889892578125
2022-05-16,5.058300018310547,108233.0,4008.010009765625
2022-05-17,5.059700012207031,108789.0,4088.85009765625
2022-05-18,4.9380998611450195,106247.0,3923.679931640625
2022-05-19,4.96750020980835,107005.0,3900.7900390625
2022-05-20,4.929999828338623,108488.0,3901.360107421875
2022-05-23,4.880199909210205,110346.0,3973.75
2022-05-24,4.813499927520752,110581.0,3941.47998046875
2022-05-25,4.817800045013428,110580.0,3978.72998046875
2022-05-26,4.822800159454346,111890.0,4057.840087890625
2022-05-27,4.768199920654297,111942.0,4158.240234375
2022-05-31,4.752399921417236,111351.0,4132.14990234375
2022-06-01,4.730400085449219,111360.0,4101.22998046875
2022-06-02,4.815499782562256,112393.0,4176.81982421875
2022-06-03,4.7957000732421875,111102.0,4108.5400390625
2022-06-06,4.775000095367432,110186.0,4121.43017578125
2022-06-07,4.7941999435424805,110070.0,4160.68017578125
2022-06-08,4.867526054382324,108368.0,4115.77001953125
2022-06-09,4.898099899291992,107094.0,4017.820068359375
2022-06-10,4.903299808502197,105481.0,3900.860107421875
2022-06-13,4.984000205993652,102598.0,3749.6298828125
2022-06-14,5.113399982452393,102063.0,3735.47998046875
2022-06-15,5.116099834442139,102807.0,3789.989990234375
2022-06-17,5.052199840545654,99825.0,3674.840087890625
2022-06-21,5.18720006942749,99685.0,3764.7900390625
2022-06-22,5.122799873352051,99522.0,3759.889892578125
2022-06-23,5.193600177764893,98080.0,3795.72998046875
2022-06-24,5.23799991607666,98672.0,3911.739990234375
2022-06-27,5.241399765014648,100764.0,3900.110107421875
2022-06-28,5.236800193786621,100591.0,3821.550048828125
2022-06-29,5.266600131988525,99622.0,3818.830078125
2022-06-30,5.1809000968933105,98542.0,3785.3798828125
2022-07-01,5.251999855041504,98954.0,3825.330078125
2022-07-05,5.3282999992370605,98295.0,3831.389892578125
2022-07-06,5.385200023651123,98719.0,3845.080078125
2022-07-07,5.427999973297119,100730.0,3902.6201171875
2022-07-08,5.338200092315674,100289.0,3899.3798828125
2022-07-11,5.254000186920166,98212.0,3854.429931640625
2022-07-12,5.377200126647949,98271.0,3818.800048828125
2022-07-13,5.436500072479248,97881.0,3801.780029296875
2022-07-14,5.390900135040283,96121.0,3790.3798828125
2022-07-15,5.422800064086914,96551.0,3863.159912109375
2022-07-18,5.410099983215332,96916.0,3830.85009765625
2022-07-19,5.436800003051758,98245.0,3936.68994140625
2022-07-20,5.413099765777588,98287.0,3959.89990234375
2022-07-21,5.470200061798096,99033.0,3998.949951171875
2022-07-22,5.497799873352051,98925.0,3961.6298828125
2022-07-25,5.496699810028076,100270.0,3966.840087890625
2022-07-26,5.356299877166748,99772.0,3921.050048828125
2022-07-27,5.350100040435791,101438.0,4023.610107421875
2022-07-28,5.243000030517578,102597.0,4072.429931640625
2022-07-29,5.182700157165527,103165.0,4130.2900390625
2022-08-01,5.171199798583984,102225.0,4118.6298828125
2022-08-02,5.184000015258789,103362.0,4091.18994140625
2022-08-03,5.277699947357178,103775.0,4155.169921875
2022-08-04,5.282700061798096,105892.0,4151.93994140625
2022-08-05,5.211100101470947,106472.0,4145.18994140625
2022-08-08,5.164599895477295,108402.0,4140.06005859375
2022-08-09,5.110099792480469,108651.0,4122.47021484375
2022-08-10,5.123700141906738,110236.0,4210.240234375
2022-08-11,5.093699932098389,109718.0,4207.27001953125
2022-08-12,5.1570000648498535,112764.0,4280.14990234375
2022-08-15,5.074900150299072,113032.0,4297.14013671875
2022-08-16,5.095600128173828,113512.0,4305.2001953125
2022-08-17,5.1417388916015625,113708.0,4274.0400390625
2022-08-18,5.164999961853027,113813.0,4283.740234375
2022-08-19,5.166999816894531,111496.0,4228.47998046875
2022-08-22,5.168399810791016,110501.0,4137.990234375
2022-08-23,5.156099796295166,112857.0,4128.72998046875
2022-08-24,5.103499889373779,112898.0,4140.77001953125
2022-08-25,5.110099792480469,113532.0,4199.1201171875
2022-08-26,5.108699798583984,112299.0,4057.659912109375
2022-08-29,5.0625,112323.0,4030.610107421875
2022-08-30,5.027200222015381,110431.0,3986.159912109375
2022-08-31,5.1219000816345215,109523.0,3955.0
2022-09-01,5.181700229644775,110405.0,3966.85009765625
2022-09-02,5.2403998374938965,110864.0,3924.260009765625
2022-09-06,5.153900146484375,109764.0,3908.18994140625
2022-09-08,5.246699810028076,109916.0,4006.179931640625
2022-09-09,5.2133002281188965,112300.0,4067.360107421875
2022-09-12,5.146299839019775,113407.0,4110.41015625
2022-09-13,5.0920000076293945,110794.0,3932.68994140625
2022-09-14,5.189799785614014,110547.0,3946.010009765625
2022-09-15,5.162700176239014,109954.0,3901.35009765625
2022-09-16,5.246099948883057,109280.0,3873.330078125
2022-09-19,5.250699996948242,111824.0,3899.889892578125
2022-09-20,5.170899868011475,112517.0,3855.929931640625
2022-09-21,5.141499996185303,111936.0,3789.929931640625
2022-09-22,5.170400142669678,114070.0,3757.989990234375
2022-09-23,5.115499973297119,111716.0,3693.22998046875
2022-09-26,5.258800029754639,109114.0,3655.0400390625
2022-09-27,5.389400005340576,108376.0,3647.2900390625
2022-09-28,5.3780999183654785,108451.0,3719.0400390625
2022-09-29,5.374199867248535,107664.0,3640.469970703125
2022-09-30,5.396200180053711,110037.0,3585.6201171875
2022-10-03,5.414299964904785,116134.0,3678.429931640625
2022-10-04,5.16349983215332,116230.0,3790.929931640625
2022-10-05,5.17579984664917,117198.0,3783.280029296875
2022-10-06,5.195199966430664,117561.0,3744.52001953125
2022-10-07,5.220099925994873,116375.0,3639.659912109375
2022-10-10,5.198400020599365,115941.0,3612.389892578125
2022-10-11,5.186800003051758,114827.0,3588.840087890625
2022-10-13,5.291500091552734,114300.0,3669.909912109375
2022-10-14,5.259799957275391,112072.0,3583.070068359375
2022-10-17,5.327400207519531,113624.0,3677.949951171875
2022-10-18,5.2773590087890625,115743.0,3719.97998046875
2022-10-19,5.239799976348877,116274.0,3695.159912109375
2022-10-20,5.269199848175049,117171.0,3665.780029296875
2022-10-21,5.216599941253662,119929.0,3752.75
2022-10-24,5.163400173187256,116013.0,3797.340087890625
2022-10-25,5.30620002746582,114626.0,3859.110107421875
2022-10-26,5.315199851989746,112764.0,3830.60009765625
2022-10-27,5.383900165557861,114641.0,3807.300048828125
2022-10-28,5.339200019836426,114539.0,3901.06005859375
2022-10-31,5.28849983215332,116037.0,3871.97998046875
2022-11-01,5.178800106048584,116929.0,3856.10009765625
2022-11-03,5.142600059509277,116896.0,3719.889892578125
2022-11-04,5.1149001121521,118155.0,3770.550048828125
2022-11-07,5.078132152557373,115342.0,3806.800048828125
2022-11-08,5.153326988220215,116160.0,3828.110107421875
2022-11-09,5.14300012588501,113580.0,3748.570068359375
2022-11-10,5.185200214385986,109775.0,3956.3701171875
2022-11-11,5.341579914093018,112253.0,3992.929931640625
2022-11-14,5.279058933258057,113161.0,3957.25
2022-11-16,5.331699848175049,110243.0,3958.7900390625
2022-11-17,5.39900016784668,109703.0,3946.56005859375
2022-11-18,5.422100067138672,108880.0,3965.340087890625
2022-11-21,5.38129997253418,109748.0,3949.93994140625
2022-11-22,5.318600177764893,109037.0,4003.580078125
2022-11-23,5.357699871063232,108683.0,4027.260009765625
2022-11-25,5.320000171661377,108977.0,4026.1201171875
2022-11-28,5.4085001945495605,108782.0,3963.93994140625
2022-11-29,5.364699840545654,110910.0,3957.6298828125
2022-11-30,5.268199920654297,112486.0,4080.110107421875
2022-12-01,5.181589126586914,110926.0,4076.570068359375
2022-12-02,5.183599948883057,111924.0,4071.699951171875
2022-12-05,5.2179999351501465,109401.0,3998.840087890625
2022-12-06,5.28000020980835,109533.0,3941.260009765625
2022-12-07,5.234000205993652,109361.0,3933.919921875
2022-12-08,5.203999996185303,107245.0,3963.510009765625
2022-12-09,5.224299907684326,107689.0,3934.3798828125
2022-12-12,5.235000133514404,105264.0,3990.56005859375
2022-12-13,5.321300029754639,103892.0,4019.64990234375
2022-12-14,5.292799949645996,103803.0,3995.320068359375
2022-12-15,5.277200222015381,103738.0,3895.75
2022-12-16,5.311800003051758,102825.0,3852.360107421875
2022-12-19,5.306509017944336,104530.0,3817.659912109375
2022-12-20,5.291600227355957,106979.0,3821.6201171875
2022-12-21,5.198400020599365,107313.0,3878.43994140625
2022-12-22,5.199900150299072,107317.0,3822.389892578125
2022-12-23,5.165599822998047,109698.0,3844.820068359375
2022-12-27,5.21750020980835,108347.0,3829.25
2022-12-28,5.292300224304199,110237.0,3783.219970703125
2022-12-29,5.2667999267578125,110031.0,3849.280029296875
2023-01-03,5.360130786895752,104166.0,3824.139892578125
2023-01-04,5.478499889373779,105334.0,3852.969970703125
2023-01-05,5.430099964141846,107518.0,3808.10009765625
2023-01-06,5.349800109863281,108836.0,3895.080078125
2023-01-09,5.224400043487549,109227.0,3892.090087890625
2023-01-10,5.253699779510498,110912.0,3919.25
2023-01-11,5.198299884796143,111763.0,3969.610107421875
2023-01-12,5.1585001945495605,111877.0,3983.169921875
2023-01-13,5.107699871063232,110916.0,3999.090087890625
2023-01-17,5.145999908447266,111439.0,3990.969970703125
2023-01-18,5.099599838256836,112452.0,3928.860107421875
2023-01-19,5.185299873352051,113006.0,3898.85009765625
2023-01-20,5.172999858856201,112301.0,3972.610107421875
2023-01-23,5.206299781799316,111709.0,4019.81005859375
2023-01-24,5.205900192260742,113028.0,4016.949951171875
2023-01-25,5.138400077819824,114195.0,4016.219970703125
2023-01-26,5.072199821472168,114109.0,4060.429931640625
2023-01-27,5.062745094299316,112502.0,4070.56005859375
2023-01-30,5.1072001457214355,111888.0,4017.77001953125
2023-01-31,5.1149001121521,113532.0,4076.60009765625
2023-02-01,5.072199821472168,112303.0,4119.2099609375
2023-02-02,5.053500175476074,109935.0,4179.759765625
2023-02-03,5.049200057983398,108490.0,4136.47998046875
2023-02-06,5.149799823760986,108456.0,4111.080078125
2023-02-07,5.145699977874756,107920.0,4164.0
2023-02-08,5.2093000411987305,109882.0,4117.85986328125
2023-02-09,5.19950008392334,107783.0,4081.5
2023-02-10,5.2895002365112305,108150.0,4090.4599609375
2023-02-13,5.213482856750488,108846.0,4137.2900390625
2023-02-14,5.158400058746338,107659.0,4136.1298828125
2023-02-15,5.191500186920166,109442.0,4147.60009765625
2023-02-16,5.2179999351501465,109905.0,4090.409912109375
2023-02-17,5.216800212860107,109303.0,4079.090087890625
2023-02-22,5.166500091552734,107152.0,3991.050048828125
2023-02-23,5.151199817657471,107720.0,4012.320068359375
2023-02-24,5.136199951171875,105873.0,3970.0400390625
2023-02-27,5.207799911499023,105711.0,3982.239990234375
2023-02-28,5.199699878692627,104932.0,3970.14990234375
2023-03-01,5.235899925231934,104385.0,3951.389892578125
2023-03-02,5.178299903869629,103326.0,3981.35009765625
2023-03-03,5.1996002197265625,103866.0,4045.639892578125
2023-03-06,5.194399833679199,104700.0,4048.419921875
2023-03-07,5.152200222015381,104228.0,3986.3701171875
2023-03-08,5.190000057220459,106540.0,3992.010009765625
2023-03-09,5.144400119781494,105071.0,3918.320068359375
2023-03-10,5.163700103759766,103618.0,3861.590087890625
2023-03-13,5.21560001373291,103121.0,3855.760009765625
2023-03-14,5.245699882507324,102932.0,3919.2900390625
2023-03-15,5.251699924468994,102675.0,3891.929931640625
2023-03-16,5.287099838256836,103435.0,3960.280029296875
2023-03-17,5.229599952697754,101982.0,3916.639892578125
2023-03-20,5.2778000831604,100923.0,3951.570068359375
2023-03-21,5.2357001304626465,100998.0,4002.8701171875
2023-03-22,5.240900039672852,100221.0,3936.969970703125
2023-03-23,5.236100196838379,97926.0,3948.719970703125
2023-03-24,5.2967000007629395,98829.0,3970.989990234375
2023-03-27,5.245100021362305,99670.0,3977.530029296875
2023-03-28,5.1971001625061035,101185.0,3971.27001953125
2023-03-29,5.164400100708008,101793.0,4027.81005859375
2023-03-30,5.134200096130371,103713.0,4050.830078125
2023-03-31,5.092700004577637,101882.0,4109.31005859375
2023-04-03,5.062300205230713,101506.0,4124.509765625
2023-04-04,5.0630998611450195,101869.0,4100.60009765625
2023-04-05,5.070700168609619,100978.0,4090.3798828125
2023-04-06,5.033199787139893,100822.0,4105.02001953125
2023-04-10,5.0543999671936035,101847.0,4109.10986328125
2023-04-11,5.065299987792969,106214.0,4108.93994140625
2023-04-12,5.004000186920166,106890.0,4091.949951171875
2023-04-13,4.916900157928467,106458.0,4146.22021484375
2023-04-14,4.926700115203857,106279.0,4137.64013671875
2023-04-17,4.908699989318848,106016.0,4151.31982421875
2023-04-18,4.939799785614014,106163.0,4154.8701171875
2023-04-19,4.984300136566162,103913.0,4154.52001953125
2023-04-20,5.0742998123168945,104367.0,4129.7900390625
2023-04-24,5.047900199890137,103947.0,4137.0400390625
2023-04-25,5.033400058746338,103220.0,4071.6298828125
2023-04-26,5.053100109100342,102312.0,4055.989990234375
2023-04-27,5.043000221252441,102923.0,4135.35009765625
2023-04-28,4.976200103759766,104432.0,4169.47998046875
2023-05-02,4.9878997802734375,101927.0,4119.580078125
2023-05-03,5.038400173187256,101797.0,4090.75
2023-05-04,4.9944000244140625,102174.0,4061.219970703125
2023-05-05,4.982600212097168,105148.0,4136.25
2023-05-08,4.951700210571289,106042.0,4138.1201171875
2023-05-09,5.007999897003174,107114.0,4119.169921875
2023-05-10,4.985899925231934,107448.0,4137.64013671875
2023-05-11,4.94290018081665,108256.0,4130.6201171875
2023-05-12,4.929500102996826,108464.0,4124.080078125
2023-05-15,4.920199871063232,109029.0,4136.27978515625
2023-05-16,4.887899875640869,108194.0,4109.89990234375
2023-05-17,4.9394001960754395,109460.0,4158.77001953125
2023-05-18,4.937699794769287,110108.0,4198.0498046875
2023-05-19,4.964399814605713,110745.0,4191.97998046875
2023-05-22,4.996799945831299,110213.0,4192.6298828125
2023-05-23,4.966100215911865,109929.0,4145.580078125
2023-05-24,4.971199989318848,108800.0,4115.240234375
2023-05-25,4.958600044250488,110054.0,4151.27978515625
2023-05-26,5.035200119018555,110906.0,4205.4501953125
2023-05-30,5.018099784851074,108967.0,4205.52001953125
2023-05-31,5.034800052642822,108335.0,4179.830078125
2023-06-01,5.054800033569336,110565.0,4221.02001953125
2023-06-02,5.0131001472473145,112558.0,4282.3701171875
2023-06-05,4.956600189208984,112696.0,4273.7900390625
2023-06-06,4.925600051879883,114610.0,4283.85009765625
2023-06-07,4.9120001792907715,115488.0,4267.52001953125
2023-06-09,4.922100067138672,117019.0,4298.85986328125
2023-06-12,4.877900123596191,117336.0,4338.93017578125
2023-06-13,4.860599994659424,116743.0,4369.009765625
2023-06-14,4.861000061035156,119069.0,4372.58984375
2023-06-15,4.815000057220459,119221.0,4425.83984375
2023-06-16,4.809199810028076,118758.0,4409.58984375
2023-06-20,4.776899814605713,119622.0,4388.7099609375
2023-06-21,4.789299964904785,120420.0,4365.68994140625
2023-06-22,4.76230001449585,118934.0,4381.89013671875
2023-06-23,4.7697367668151855,118977.0,4348.330078125
2023-06-26,4.7855000495910645,118243.0,4328.81982421875
2023-06-27,4.767300128936768,117523.0,4378.41015625
2023-06-28,4.810500144958496,116681.0,4376.85986328125
2023-06-29,4.850500106811523,118383.0,4396.43994140625
2023-06-30,4.855599880218506,118087.0,4450.3798828125
2023-07-03,4.784200191497803,119673.0,4455.58984375
2023-07-05,4.839900016784668,119549.0,4446.81982421875
2023-07-06,4.8471999168396,117426.0,4411.58984375
2023-07-07,4.918700218200684,118898.0,4398.9501953125
2023-07-10,4.8709001541137695,117942.0,4409.52978515625
2023-07-11,4.898200035095215,117220.0,4439.259765625
2023-07-12,4.851500034332275,117666.0,4472.16015625
2023-07-13,4.81689977645874,119264.0,4510.0400390625
2023-07-14,4.7947998046875,117711.0,4505.419921875
2023-07-17,4.788099765777588,118219.0,4522.7900390625
2023-07-18,4.805799961090088,117841.0,4554.97998046875
2023-07-19,4.809299945831299,117552.0,4565.72021484375
2023-07-20,4.789899826049805,118083.0,4534.8701171875
2023-07-21,4.796899795532227,120217.0,4536.33984375
2023-07-24,4.777400016784668,121342.0,4554.64013671875
2023-07-25,4.725500106811523,122008.0,4567.4599609375
2023-07-26,4.748899936676025,122560.0,4566.75
2023-07-27,4.736199855804443,119990.0,4537.41015625
2023-07-28,4.741600036621094,120187.0,4582.22998046875
2023-07-31,4.723299980163574,121943.0,4588.9599609375
2023-08-01,4.724699974060059,121248.0,4576.72998046875
2023-08-02,4.791999816894531,120859.0,4513.39013671875
2023-08-03,4.810400009155273,120586.0,4501.89013671875
2023-08-04,4.916399955749512,119508.0,4478.02978515625
2023-08-07,4.88539981842041,119380.0,4518.43994140625
2023-08-08,4.89900016784668,119090.0,4499.3798828125
2023-08-09,4.898600101470947,118409.0,4467.7099609375
2023-08-10,4.901700019836426,118350.0,4468.830078125
2023-08-11,4.891499996185303,118065.0,4464.0498046875
2023-08-14,4.910999774932861,116810.0,4489.72021484375
2023-08-15,4.962100028991699,116171.0,4437.85986328125
2023-08-16,4.9832000732421875,115592.0,4404.330078125
2023-08-17,4.9868998527526855,114982.0,4370.35986328125
2023-08-18,4.975500106811523,115409.0,4369.7099609375
2023-08-21,4.966899871826172,114429.0,4399.77001953125
2023-08-22,4.978700160980225,116156.0,4387.5498046875
2023-08-23,4.937099933624268,118135.0,4436.009765625
2023-08-24,4.855100154876709,117026.0,4376.31005859375
2023-08-25,4.880300045013428,115837.0,4405.7099609375
2023-08-28,4.8703999519348145,117121.0,4433.31005859375
2023-08-29,4.872600078582764,118404.0,4497.6298828125
2023-08-30,4.85129976272583,117535.0,4514.8701171875
2023-08-31,4.888400077819824,115742.0,4507.66015625
2023-09-01,4.953800201416016,117893.0,4515.77001953125
2023-09-05,4.936200141906738,117331.0,4496.830078125
2023-09-06,4.966700077056885,115985.0,4465.47998046875
2023-09-08,4.976099967956543,115313.0,4457.490234375
2023-09-11,4.982999801635742,116883.0,4487.4599609375
2023-09-12,4.9293999671936035,117968.0,4461.89990234375
2023-09-13,4.946599960327148,118176.0,4467.43994140625
2023-09-14,4.91540002822876,119392.0,4505.10009765625
2023-09-15,4.868199825286865,118758.0,4450.31982421875
2023-09-18,4.867000102996826,118288.0,4453.52978515625
2023-09-19,4.853700160980225,117846.0,4443.9501953125
2023-09-20,4.865799903869629,118695.0,4402.2001953125
2023-09-21,4.878799915313721,116145.0,4330.0
2023-09-22,4.934899806976318,116009.0,4320.06005859375
2023-09-25,4.933899879455566,115925.0,4337.43994140625
2023-09-26,4.968299865722656,114193.0,4273.52978515625
2023-09-27,4.986199855804443,114327.0,4274.509765625
2023-09-28,5.042200088500977,115731.0,4299.7001953125
2023-09-29,5.032800197601318,116565.0,4288.0498046875
2023-10-02,5.042799949645996,115057.0,4288.39013671875
2023-10-03,5.061500072479248,113419.0,4229.4501953125
2023-10-04,5.166299819946289,113607.0,4263.75
2023-10-05,5.154600143432617,113284.0,4258.18994140625
2023-10-06,5.164999961853027,114170.0,4308.5
2023-10-09,5.145699977874756,115156.0,4335.66015625
2023-10-10,5.135200023651123,116737.0,4358.240234375
2023-10-11,5.051000118255615,117051.0,4376.9501953125
2023-10-13,5.045899868011475,115754.0,4327.77978515625
2023-10-16,5.0482001304626465,116534.0,4373.6298828125
2023-10-17,5.037600040435791,115908.0,4373.2001953125
2023-10-18,5.037399768829346,114060.0,4314.60009765625
2023-10-19,5.056099891662598,114004.0,4278.0
2023-10-20,5.062900066375732,113155.0,4224.16015625
2023-10-23,5.031300067901611,112785.0,4217.0400390625
2023-10-24,5.01230001449585,113762.0,4247.68017578125
2023-10-25,4.991000175476074,112830.0,4186.77001953125
2023-10-26,4.994699954986572,114777.0,4137.22998046875
2023-10-27,4.985300064086914,113301.0,4117.3701171875
2023-10-30,4.952030181884766,112532.0,4166.81982421875
2023-10-31,5.04610013961792,113144.0,4193.7998046875
2023-11-01,5.03410005569458,115053.0,4237.85986328125
2023-11-03,4.952899932861328,118160.0,4358.33984375
2023-11-06,4.899199962615967,118487.0,4365.97998046875
2023-11-07,4.884099960327148,119268.0,4378.3798828125
2023-11-08,4.871500015258789,119099.0,4382.77978515625
2023-11-09,4.909299850463867,119012.0,4347.35009765625
2023-11-10,4.933899879455566,120636.0,4415.240234375
2023-11-13,4.893379211425781,120376.0,4411.5498046875
2023-11-14,4.906199932098389,123328.0,4495.7001953125
2023-11-16,4.860899925231934,124576.0,4508.240234375
2023-11-17,4.862199783325195,125062.0,4514.02001953125
2023-11-20,4.819177150726318,126095.0,4547.3798828125
2023-11-21,4.851799964904785,125607.0,4538.18994140625
2023-11-22,4.8993000984191895,126035.0,4556.6201171875
2023-11-24,4.902500152587891,125542.0,4559.33984375
2023-11-27,4.900899887084961,125683.0,4550.43017578125
2023-11-28,4.895500183105469,126538.0,4554.89013671875
2023-11-29,4.869800090789795,126101.0,4550.580078125
2023-11-30,4.904099941253662,127331.0,4567.7998046875
2023-12-01,4.923099994659424,128103.0,4594.6298828125
2023-12-04,4.902159214019775,126803.0,4569.77978515625
2023-12-05,4.9430999755859375,126903.0,4567.18017578125
2023-12-06,4.927700042724609,125623.0,4549.33984375
2023-12-07,4.901199817657471,126010.0,4585.58984375
2023-12-08,4.910099983215332,127094.0,4604.3701171875
2023-12-11,4.893286228179932,126916.0,4622.43994140625
2023-12-12,4.936699867248535,126403.0,4643.7001953125
2023-12-13,4.9644999504089355,129465.0,4707.08984375
2023-12-14,4.918399810791016,130842.0,4719.5498046875
2023-12-15,4.914599895477295,130197.0,4719.18994140625
2023-12-18,4.919657230377197,131084.0,4740.56005859375
2023-12-19,4.895899772644043,131851.0,4768.3701171875
2023-12-20,4.866499900817871,130804.0,4698.35009765625
2023-12-21,4.914599895477295,132182.0,4746.75
2023-12-22,4.881800174713135,132753.0,4754.6298828125
2023-12-26,4.869743824005127,133533.0,4774.75
2023-12-27,4.813499927520752,134194.0,4781.580078125
2023-12-28,4.826099872589111,134185.0,4783.35009765625
2024-01-02,4.852399826049805,132697.0,4742.830078125
2024-01-03,4.922500133514404,132834.0,4704.81005859375
2024-01-04,4.9191999435424805,131226.0,4688.68017578125
2024-01-05,4.895599842071533,132023.0,4697.240234375
2024-01-08,4.8606672286987305,132427.0,4763.5400390625
2024-01-09,4.86899995803833,131447.0,4756.5
2024-01-10,4.905099868774414,130841.0,4783.4501953125
2024-01-11,4.89139986038208,130649.0,4780.240234375
2024-01-12,4.869699954986572,130988.0,4783.830078125
2024-01-16,4.862199783325195,129294.0,4765.97998046875
2024-01-17,4.924900054931641,128524.0,4739.2099609375
2024-01-18,4.934000015258789,127316.0,4780.93994140625
2024-01-19,4.92609977722168,127636.0,4839.81005859375
2024-01-22,4.904642105102539,126602.0,4850.43017578125
2024-01-23,4.98829984664917,128263.0,4864.60009765625
2024-01-24,4.952199935913086,127816.0,4868.5498046875
2024-01-25,4.932499885559082,128169.0,4894.16015625
2024-01-26,4.915800094604492,128967.0,4890.97021484375
2024-01-29,4.913599967956543,128503.0,4927.93017578125
2024-01-30,4.950200080871582,127402.0,4924.97021484375
2024-01-31,4.950300216674805,127752.0,4845.64990234375
2024-02-01,4.951900005340576,128481.0,4906.18994140625
2024-02-02,4.914999961853027,127182.0,4958.60986328125
2024-02-05,4.932938098907471,127593.0,4942.81005859375
2024-02-06,4.9499430656433105,130416.0,4954.22998046875
2024-02-07,4.962299823760986,129608.0,4995.06005859375
2024-02-08,4.969299793243408,128217.0,4997.91015625
2024-02-09,4.9918999671936035,128026.0,5026.60986328125
2024-02-14,4.952000141143799,127018.0,5000.6201171875
2024-02-15,4.968299865722656,127804.0,5029.72998046875
2024-02-16,4.972400188446045,128726.0,5005.56982421875
2024-02-20,4.956399917602539,129916.0,4975.509765625
2024-02-21,4.926400184631348,130032.0,4981.7998046875
2024-02-22,4.934899806976318,130241.0,5087.02978515625
2024-02-23,4.962399959564209,129419.0,5088.7998046875
2024-02-26,4.993500232696533,129609.0,5069.52978515625
2024-02-27,4.978899955749512,131689.0,5078.18017578125
2024-02-28,4.932400226593018,130155.0,5069.759765625
2024-02-29,4.967299938201904,129020.0,5096.27001953125
2024-03-01,4.969799995422363,129180.0,5137.080078125
2024-03-04,4.952700138092041,128341.0,5130.9501953125
2024-03-05,4.944900035858154,128098.0,5078.64990234375
2024-03-06,4.957099914550781,128890.0,5104.759765625
2024-03-07,4.943600177764893,128340.0,5157.35986328125
2024-03-08,4.933800220489502,127071.0,5123.68994140625
2024-03-11,4.977540016174316,126124.0,5117.93994140625
2024-03-12,4.977399826049805,127668.0,5175.27001953125
2024-03-13,4.968699932098389,128006.0,5165.31005859375
2024-03-14,4.969200134277344,127690.0,5150.47998046875
2024-03-15,4.992700099945068,126742.0,5117.08984375
2024-03-18,4.968047142028809,126954.0,5149.419921875
2024-03-19,5.029399871826172,127529.0,5178.509765625
2024-03-20,5.03000020980835,129125.0,5224.6201171875
2024-03-21,4.96619987487793,128159.0,5241.52978515625
2024-03-22,4.9745001792907715,127027.0,5234.18017578125
2024-03-25,5.000899791717529,126931.0,5218.18994140625
2024-03-26,4.9721999168396,126863.0,5203.580078125
2024-03-27,4.9756999015808105,127691.0,5248.490234375
2024-03-28,4.990300178527832,128106.0,5254.35009765625
2024-04-01,5.013199806213379,126990.0,5243.77001953125
2024-04-02,5.053599834442139,127549.0,5205.81005859375
2024-04-03,5.0644001960754395,127318.0,5211.490234375
2024-04-04,5.038599967956543,127428.0,5147.2099609375
2024-04-05,5.057400226593018,126795.0,5204.33984375
2024-04-08,5.054900169372559,128857.0,5202.39013671875
2024-04-09,5.023900032043457,129890.0,5209.91015625
2024-04-10,5.007599830627441,128054.0,5160.64013671875
2024-04-11,5.066199779510498,127396.0,5199.06005859375
2024-04-12,5.090400218963623,125946.0,5123.41015625
2024-04-15,5.117099761962891,125334.0,5061.81982421875
2024-04-16,5.183700084686279,124389.0,5051.41015625
2024-04-17,5.2855000495910645,124171.0,5022.2099609375
2024-04-18,5.232600212097168,124196.0,5011.1201171875
2024-04-19,5.241700172424316,125124.0,4967.22998046875
2024-04-22,5.206200122833252,125573.0,5010.60009765625
2024-04-23,5.1656999588012695,125148.0,5070.5498046875
2024-04-24,5.130499839782715,124741.0,5071.6298828125
2024-04-25,5.145500183105469,124646.0,5048.419921875
2024-04-26,5.158599853515625,126526.0,5099.9599609375
2024-04-29,5.115499973297119,127352.0,5116.169921875
2024-04-30,5.117000102996826,125924.0,5035.68994140625
2024-05-02,5.194399833679199,127122.0,5064.2001953125
2024-05-03,5.110300064086914,128509.0,5127.7900390625
2024-05-06,5.070899963378906,128466.0,5180.740234375
2024-05-07,5.074900150299072,129210.0,5187.7001953125
2024-05-08,5.073299884796143,129481.0,5187.669921875
2024-05-09,5.087900161743164,128188.0,5214.080078125
2024-05-10,5.1407999992370605,127600.0,5222.68017578125
2024-05-13,5.123260021209717,128155.0,5221.419921875
2024-05-14,5.154200077056885,128515.0,5246.68017578125
2024-05-15,5.127799987792969,128028.0,5308.14990234375
2024-05-16,5.133600234985352,128284.0,5297.10009765625
2024-05-17,5.128600120544434,128151.0,5303.27001953125
2024-05-20,5.1020002365112305,127751.0,5308.1298828125
2024-05-21,5.103099822998047,127412.0,5321.41015625
2024-05-22,5.1219000816345215,125650.0,5307.009765625
2024-05-23,5.151100158691406,124729.0,5267.83984375
2024-05-24,5.143099784851074,124306.0,5304.72021484375
2024-05-28,5.1717000007629395,123780.0,5306.0400390625
2024-05-29,5.161300182342529,122707.0,5266.9501953125
2024-05-31,5.202099800109863,122098.0,5277.509765625
2024-06-03,5.2444000244140625,122032.0,5283.39990234375
2024-06-04,5.249000072479248,121802.0,5291.33984375
2024-06-05,5.287700176239014,121407.0,5354.02978515625
2024-06-06,5.3003997802734375,122899.0,5352.9599609375
2024-06-07,5.2571001052856445,120767.0,5346.990234375
2024-06-10,5.270441055297852,120760.0,5360.7900390625
2024-06-11,5.352799892425537,121635.0,5375.31982421875
2024-06-12,5.3649001121521,119936.0,5421.02978515625
2024-06-13,5.401000022888184,119568.0,5433.740234375
2024-06-14,5.361599922180176,119662.0,5431.60009765625
2024-06-17,5.3572001457214355,119138.0,5473.22998046875
2024-06-18,5.423999786376953,119630.0,5487.02978515625
2024-06-20,5.422399997711182,120446.0,5473.169921875
2024-06-21,5.452400207519531,121341.0,5464.6201171875
2024-06-24,5.426126003265381,122637.0,5447.8701171875
2024-06-25,5.3892998695373535,122331.0,5469.2998046875
2024-06-26,5.450699806213379,122641.0,5477.89990234375
2024-06-27,5.522500038146973,124308.0,5482.8701171875
2024-06-28,5.500500202178955,123907.0,5460.47998046875
2024-07-01,5.591899871826172,124718.0,5475.08984375
2024-07-02,5.65500020980835,124787.0,5509.009765625
2024-07-03,5.67549991607666,125662.0,5537.02001953125
2024-07-05,5.486400127410889,126267.0,5567.18994140625
2024-07-08,5.471290111541748,126548.0,5572.85009765625
2024-07-09,5.470399856567383,127108.0,5576.97998046875
2024-07-10,5.417099952697754,127218.0,5633.91015625
2024-07-11,5.414700031280518,128294.0,5584.5400390625
2024-07-12,5.438000202178955,128897.0,5615.35009765625
2024-07-15,5.422800064086914,129321.0,5631.22021484375
2024-07-16,5.446800231933594,129110.0,5667.2001953125
2024-07-17,5.424300193786621,129450.0,5588.27001953125
2024-07-18,5.48769998550415,127652.0,5544.58984375
2024-07-19,5.5432000160217285,127616.0,5505.0
2024-07-22,5.520872116088867,127860.0,5564.41015625
2024-07-23,5.570700168609619,126590.0,5555.740234375
2024-07-24,5.585299968719482,126423.0,5427.1298828125
2024-07-25,5.653600215911865,125954.0,5399.22021484375
2024-07-26,5.643099784851074,127492.0,5459.10009765625
2024-07-29,5.622840881347656,126954.0,5463.5400390625
2024-07-30,5.614500045776367,126139.0,5436.43994140625
2024-07-31,5.611100196838379,127652.0,5522.2998046875
2024-08-01,5.656599998474121,127395.0,5446.68017578125
2024-08-02,5.7505998611450195,125854.0,5346.56005859375
2024-08-05,5.7266998291015625,125270.0,5186.330078125
2024-08-06,5.720900058746338,126267.0,5240.02978515625
2024-08-07,5.6554999351501465,127514.0,5199.5
2024-08-08,5.635799884796143,128661.0,5319.31005859375
2024-08-09,5.54610013961792,130615.0,5344.16015625
2024-08-12,5.50629997253418,131116.0,5344.39013671875
2024-08-13,5.4918999671936035,132398.0,5434.43017578125
2024-08-14,5.455699920654297,133318.0,5455.2099609375
2024-08-15,5.468900203704834,134153.0,5543.22021484375
2024-08-16,5.484899997711182,133953.0,5554.25
2024-08-19,5.47130012512207,135778.0,5608.25
2024-08-20,5.405600070953369,136087.0,5597.1201171875
2024-08-21,5.478099822998047,136464.0,5620.85009765625
2024-08-22,5.482500076293945,135173.0,5570.64013671875
2024-08-23,5.59089994430542,135608.0,5634.60986328125
2024-08-26,5.485400199890137,136889.0,5616.83984375
2024-08-27,5.495699882507324,136776.0,5625.7998046875
2024-08-28,5.507900238037109,137344.0,5592.18017578125
2024-08-29,5.56220006942749,136041.0,5591.9599609375
2024-08-30,5.627699851989746,136004.0,5648.39990234375
2024-09-03,5.615099906921387,134353.0,5528.93017578125
2024-09-04,5.647500038146973,136111.0,5520.06982421875
2024-09-05,5.642000198364258,136502.0,5503.41015625
2024-09-06,5.567500114440918,134572.0,5408.419921875
2024-09-09,5.59660005569458,134737.0,5471.0498046875
2024-09-10,5.5843000411987305,134320.0,5495.52001953125
2024-09-11,5.662899971008301,134677.0,5554.1298828125
2024-09-12,5.667399883270264,134029.0,5595.759765625
2024-09-13,5.625699996948242,134882.0,5626.02001953125
2024-09-16,5.612370014190674,135118.0,5633.08984375
2024-09-17,5.503900051116943,134960.0,5634.580078125
2024-09-18,5.4816999435424805,133748.0,5618.259765625
